{"stats":{"minecraft:used":{"kontraption:liquid_fuel_thruster_valve":1,"kontraption:liquid_fuel_thruster_casing":29,"create:mechanical_crafter":6,"kontraption:liquid_fuel_thruster_exhaust":1,"mekanism:basic_pressurized_tube":3,"jeg:assault_rifle":265,"mekanism:creative_chemical_tank":1,"minecraft:grass_block":16},"minecraft:custom":{"minecraft:jump":15,"minecraft:time_since_rest":30766,"minecraft:damage_dealt":179,"minecraft:crouch_one_cm":154,"minecraft:leave_game":4,"minecraft:play_time":30766,"minecraft:sprint_one_cm":831,"minecraft:time_since_death":30766,"minecraft:walk_one_cm":9178,"minecraft:sneak_time":162,"minecraft:total_world_time":34361,"minecraft:mob_kills":64,"minecraft:fly_one_cm":73211},"minecraft:killed":{"minecraft:slime":63,"minecraft:cow":1}},"DataVersion":2975}