{"stats":{"minecraft:killed":{"minecraft:cow":6},"minecraft:dropped":{"minecraft:snow":1,"minecraft:beef":2},"minecraft:mined":{"minecraft:grass":3,"minecraft:grass_block":1},"minecraft:picked_up":{"minecraft:stick":1,"createbigcannons:creative_autocannon_ammo_container":1,"createbigcannons:empty_autocannon_cartridge":118,"minecraft:beef":2},"minecraft:custom":{"minecraft:time_since_rest":48472,"minecraft:crouch_one_cm":108,"minecraft:sprint_one_cm":1864,"minecraft:play_time":48472,"minecraft:walk_one_cm":41400,"minecraft:sneak_time":410,"minecraft:mob_kills":6,"minecraft:drop":3,"minecraft:jump":104,"minecraft:damage_dealt":15,"minecraft:leave_game":8,"minecraft:time_since_death":48472,"minecraft:total_world_time":48472,"minecraft:fall_one_cm":267,"minecraft:fly_one_cm":115731},"minecraft:used":{"minecraft:redstone_torch":1,"copycats:copycat_block":9,"createbigcannons:bronze_autocannon_breech":2,"jeg:stun_grenade":2,"trackwork:simple_wheel":12,"create:linked_controller":4,"minecraft:snow":1,"minecraft:tnt":2,"vs_clockwork:command_seat":1,"create:gearbox":5,"create:shaft":3,"create:wrench":7,"createbigcannons:cannon_carriage":1,"create:cogwheel":6,"createbigcannons:bronze_autocannon_barrel":4,"jeg:blossom_rifle":31,"minecraft:lectern":1,"create:clutch":1,"create:redstone_link":6,"createbigcannons:bronze_autocannon_recoil_spring":1,"jeg:holy_shotgun":13,"jeg:assault_rifle":65,"create:creative_motor":5}},"DataVersion":2975}