{"stats":{"minecraft:used":{"jeg:assault_rifle":37,"minecraft:grass_block":15},"minecraft:custom":{"minecraft:jump":6,"minecraft:time_since_rest":11812,"minecraft:damage_dealt":159,"minecraft:crouch_one_cm":29,"minecraft:leave_game":2,"minecraft:play_time":11812,"minecraft:sprint_one_cm":149,"minecraft:time_since_death":11812,"minecraft:walk_one_cm":4442,"minecraft:sneak_time":99,"minecraft:total_world_time":15407,"minecraft:mob_kills":8,"minecraft:fly_one_cm":5960},"minecraft:killed":{"minecraft:slime":8}},"DataVersion":2975}