{"stats":{"minecraft:killed":{"minecraft:cow":6},"minecraft:dropped":{"minecraft:snow":1,"minecraft:beef":2},"minecraft:mined":{"minecraft:grass":3,"minecraft:grass_block":1},"minecraft:picked_up":{"minecraft:stick":1,"createbigcannons:creative_autocannon_ammo_container":1,"createbigcannons:empty_autocannon_cartridge":118,"minecraft:beef":2},"minecraft:custom":{"minecraft:time_since_rest":33018,"minecraft:sprint_one_cm":1864,"minecraft:play_time":33018,"minecraft:walk_one_cm":16751,"minecraft:sneak_time":96,"minecraft:mob_kills":6,"minecraft:drop":3,"minecraft:jump":65,"minecraft:damage_dealt":15,"minecraft:leave_game":7,"minecraft:time_since_death":33018,"minecraft:total_world_time":33018,"minecraft:fall_one_cm":267,"minecraft:fly_one_cm":82988},"minecraft:used":{"copycats:copycat_block":4,"createbigcannons:bronze_autocannon_breech":2,"jeg:stun_grenade":2,"trackwork:simple_wheel":6,"minecraft:snow":1,"create:wrench":7,"createbigcannons:cannon_carriage":1,"create:cogwheel":2,"createbigcannons:bronze_autocannon_barrel":4,"jeg:blossom_rifle":31,"createbigcannons:bronze_autocannon_recoil_spring":1,"jeg:holy_shotgun":13,"jeg:assault_rifle":65,"create:creative_motor":1}},"DataVersion":2975}