{"stats":{"minecraft:used":{"jeg:assault_rifle":96,"minecraft:grass_block":15},"minecraft:custom":{"minecraft:jump":8,"minecraft:time_since_rest":23812,"minecraft:damage_dealt":159,"minecraft:crouch_one_cm":29,"minecraft:leave_game":2,"minecraft:play_time":23812,"minecraft:sprint_one_cm":149,"minecraft:time_since_death":23812,"minecraft:walk_one_cm":4566,"minecraft:sneak_time":119,"minecraft:total_world_time":27407,"minecraft:mob_kills":21,"minecraft:fly_one_cm":13073},"minecraft:killed":{"minecraft:slime":20,"minecraft:cow":1}},"DataVersion":2975}