{
  "create:root": {
    "criteria": {
      "0": "2024-07-01 17:10:54 +0000"
    },
    "done": true
  },
  "create:recipes/create.base/crafting/kinetics/gearbox": {
    "criteria": {
      "has_item": "2024-07-01 17:48:42 +0000"
    },
    "done": true
  },
  "create:recipes/create.base/crafting/kinetics/crafter_slot_cover": {
    "criteria": {
      "has_item": "2024-07-01 17:48:45 +0000"
    },
    "done": true
  },
  "minecraft:adventure/root": {
    "criteria": {
      "killed_something": "2024-07-01 17:32:13 +0000"
    },
    "done": true
  },
  "minecraft:adventure/kill_a_mob": {
    "criteria": {
      "minecraft:slime": "2024-07-01 17:32:13 +0000"
    },
    "done": true
  },
  "minecraft:adventure/kill_all_mobs": {
    "criteria": {
      "minecraft:slime": "2024-07-01 17:32:13 +0000"
    },
    "done": false
  },
  "minecraft:adventure/adventuring_time": {
    "criteria": {
      "minecraft:plains": "2024-07-01 17:06:13 +0000"
    },
    "done": false
  },
  "DataVersion": 2975
}